{"cameraMode":{"drawMode":0,"name":"Shaded","section":"Shading Mode"},"sceneLighting":true,"audioPlay":false,"sceneViewState":{"showFog":true,"showMaterialUpdate":false,"showSkybox":true,"showFlares":true,"showImageEffects":true,"showParticleSystems":true},"in2DMode":false,"pivot":{"x":-0.5628772377967835,"y":0.42645978927612307,"z":1.191558837890625},"rotation":{"x":0.1606188863515854,"y":-0.031085673719644548,"z":0.005061326082795858,"w":0.9865190386772156},"size":10.30235481262207,"orthographic":false}