{"cameraMode":{"drawMode":0,"name":"Shaded","section":"Shading Mode"},"sceneLighting":true,"audioPlay":false,"sceneViewState":{"showFog":true,"showMaterialUpdate":false,"showSkybox":true,"showFlares":true,"showImageEffects":true,"showParticleSystems":true},"in2DMode":false,"pivot":{"x":0.2578844428062439,"y":-3.180191993713379,"z":0.40972837805747988},"rotation":{"x":0.44519421458244326,"y":-0.005372548010200262,"z":0.0026713875122368337,"w":0.8954194188117981},"size":10.656098365783692,"orthographic":false}